blockHash,blockNumber,from,gas,gasPrice,hash,input,nonce,to,transactionIndex,value,type,chainId,v,r,s,blockTimestamp,datetime,gasUsed,status,valueETH
d87ffda4ec2afa414967df0e81c3db8eb6cd80f0bf667693d8a7e8707e03832d,11564794,0x65b0BF8Ee4947edD2A500D74E50a3d757DC79de0,307882,58000000000,64074b51bb8a298ba7170f10a0ffeaa6d4cf89c41eeff1556256023cb80d8b7e,1cff79cd00000000000000000000000082ecd135dce65fbc6dbdd0e4237e0af93ffd503800000000000000000000000000000000000000000000000000000000000000400000000000000000000000000000000000000000000000000000000000000084ee2845760000000000000000000000005ef30b9986345249bc32d8928b7ee64de9435e390000000000000000000000002f0b23f53734252bda2277357e97e1517d6b042a000000000000000000000000000000000000000000000000000000000000210f0000000000000000000000003ad412055f123f6b596deb290417e182ee192fb200000000000000000000000000000000000000000000000000000000,1415,0x3AD412055f123F6B596DEB290417E182Ee192FB2,38,27000000000000000000000,0,1.0,38,cfba1a5052c502ee622cbbdc16653ccb186ec9c425429bfe0970c0f9fe08a9df,3a19ee041bf82f0f265e41d175be9a39f0954e6673bded969bf9a6cdc802eb5e,1609456418,2020-12-31T15:13:38,136369,1,27000
54a66c63750280fd276270fb33fa33b987ffed292cd5ce72d7ebf0460767f726,11564801,0xD551234Ae421e3BCBA99A0Da6d736074f22192FF,21000,120000000000,56f4953b1ee546dddc0701c5fa31d18617236934bcf8af703e20cb29952d5a1f,,3611251,0x0000f079e68BbCC79AB9600ace786B0a4dB1c83c,15,747995000000000000000,0,1.0,37,1f8db0f94ff407d57373e54c94bbe84eb6bf2794e6e04ff3d4dba05a0d674a98,73257d31d9e872259ce3850e7d2dfaf806ea454e676ff4f93e7aa2c968eced42,1609456511,2020-12-31T15:15:11,21000,1,747.995
f918b86fa03e3d1188dca987ba9510b9c2ade724e2ff63f1ff45f1ba9aea231a,11564805,0x0000f079e68BbCC79AB9600ace786B0a4dB1c83c,50000,97691500530,6adf75b4bcf28def3bb777c3cf419cea39387e52f34e1d823d3708b63b579cac,,11379,0x00000063f648C943346d2a239F0969bAd32Ff184,19,744933679174134005760,0,1.0,37,b73c780fed30c312fd6cbb1d6f09662ccf3d854830d91f1f32cf8b840badc5cc,15511bfa606eea4305e76f0d57dc3d86bfa804fc4bd8656e9fa59faab9818180,1609456616,2020-12-31T15:16:56,21040,1,744.93367917413400576
5954187132a6e13281bf299d4938806030825339967d559873704e785f4a6537,11564744,0x500A746c9a44f68Fe6AA86a92e7B3AF4F322Ae66,21000,54000000000,09bbd56549ec110d812afb0247237f24673b869d8d54c8ad8874d4d2421b8477,,443,0x91962711a4D2E4a830b366ce7276D99001e8564b,100,670000000000000000000,0,1.0,38,aac8552a78cf239742605aba403fc4bc8ab8cbef52e1f6c891118e5e2362c7e3,467796c225350cd729893eea75c4c557b1019cc8c35c050e14b39e97dd9bb9fd,1609455835,2020-12-31T15:03:55,21000,1,670
84eaba34c981cc01c6b46cd923fd61f7d583d4277da680cc43de531ccf8da67d,11564785,0xdf63bE2E473Ba04C26b1609E51d08CF0D78E0913,172020,47000000000,4a0f74f08227e722c95d4121a2334d0337feadbd06f574da31f6f7305fb9b258,1249c58b,6771,0x4Ddc2D193948926D02f9B1fE9e1daa0718270ED5,103,529000000000000000000,0,1.0,38,7df4f95ab5ec65d6b1a07f58d8946f026e4c68c80002d84c11bd1a91e95fc32c,11ce58dcdb1c01c601380538a89be514a7e3559d43bc2fd6d75170aecf469f37,1609456327,2020-12-31T15:12:07,138275,1,529
f2f04fe2ecb8a823da93d8d59478a2185ba6edbe16871e2d4345f0bd8d449beb,11564787,0xc33192B79AD149b05169516A8aF2adc6e1E08EF6,144766,47000000000,961bb5196187c7817109dd5c7c775f470e0309f71082cb7f7a44506280e660c7,7ff36ab500000000000000000000000000000000000000000000000000000054cc8686240000000000000000000000000000000000000000000000000000000000000080000000000000000000000000c33192b79ad149b05169516a8af2adc6e1e08ef6000000000000000000000000000000000000000000000000000000005fee68a50000000000000000000000000000000000000000000000000000000000000002000000000000000000000000c02aaa39b223fe8d0a0e5c4f27ead9083c756cc2000000000000000000000000a0b86991c6218b36c1d19d4a2e9eb0ce3606eb48,691,0x7a250d5630B4cF539739dF2C5dAcb4c659F2488D,129,500000000000000000000,0,1.0,37,b231340842b8b643b830f9ed6996e0594ffd5d69d905f8bfc697435aab8554d8,5bfbca707fc9d7aea284d77b206d02636beafe975edb0da35be9eb9896dd6e1c,1609456333,2020-12-31T15:12:13,106324,1,500
11cf504a292215d6dba02c23e788d3f0716ecc0cebf9ffb62e5da951e14f9758,11564748,0xf14BD6c704291fA621bEC7FaE429148A10f79707,25000,62000000000,9f2385a8b14a0a3ed8dd7b15ab01a7cbb6789377af3ac0a7b56b84c7c8c0a2de,,43297,0x860bd2dba9Cd475A61E6d1b45e16c365F6D78F66,39,499000000000000000000,0,1.0,37,498f79d66adc2288bc1f1fff3061209ea3f9e8911f2dbbfd14659cef573e1472,56a5b9af1fa2e85928064d678d22d5caaeaf581fd3ada79c25a23a2228b85ff4,1609455861,2020-12-31T15:04:21,21055,1,499
3fcfcd4c203e934efbebd28cd98a86c7007a6244c5335cd09993e49eab42c6e3,11564808,0x267be1C1D684F78cb4F6a176C4911b741E4Ffdc0,150000,56700000000,b7c7c9c5b99d0b572efcf21da212618cfdd447c89aae9b3624e35ae7068a11e4,,1480430,0x91db9e27E750C43a96926B2E04D795c24f13F67B,81,351995000000000000000,0,1.0,37,644b829713a1601b49d30837fc2408e9f7fe3340d52ebf855ab919822267abc1,0c92211532459a481cfcd07a37b5a08b1e5996e028844c4f919190b8585e57a9,1609456681,2020-12-31T15:18:01,34305,1,351.995
14ba9a27a375736e5290183d6ed56be6e541c99651eaa9b8a969b8d153b843d7,11564755,0x3f5CE5FBFe3E9af3971dD833D26bA9b5C936f0bE,21000,120000000000,a1a7e633668a03b8e5f46268d9d1656d054ef2e9efefaa47119b219befcaa3cf,,6102173,0xe3792A9c235D434B702023b33F03C48C41631090,11,299193856730000000000,0,1.0,38,34c044bc836a1ca9f05ae9b2b169271b75b8ccb82232ea4631c908881443a953,56cc27b7abcf1f6594c00867e3a04525c77fe44e9adae7d406a165e483b3908e,1609455934,2020-12-31T15:05:34,21000,1,299.19385673
d6d07611701c6e70011572f61d8e36c57af2850b569e1aafc8396bc871e75853,11564806,0xe3792A9c235D434B702023b33F03C48C41631090,21000,97000000000,e13ec7e3b9a3daca11043815fb0d3857248937d36ab64a3bbf9f836cf81a237c,,1871,0x4A263f7f172B70a9146aAc0A4f7f6dc61A1B97C8,1,299191819730000000000,0,,27,81d588267fb8541b63a589e7dae2d0afb6f3a83f81576d1ddb6cd1c88c54ce87,0e78dd6bf761be69aa4b0436dac8b3423272c0466a71442664056de30aa88001,1609456663,2020-12-31T15:17:43,21000,1,299.19181973
